{
  "project_info": {
    "project_number": "899940458488",
    "project_id": "revo-apps-multivendor",
    "storage_bucket": "revo-apps-multivendor.appspot.com"
  },
  "client": [
    {
      "client_info": {
        "mobilesdk_app_id": "1:899940458488:android:71fb113ec59330d9aa000d",
        "android_client_info": {
          "package_name": "com.revoapps.multivendor"
        }
      },
      "oauth_client": [
        {
          "client_id": "899940458488-e39mpjgjrq9qf8frdvo63ubp1hij65gt.apps.googleusercontent.com",
          "client_type": 1,
          "android_info": {
            "package_name": "com.revoapps.multivendor",
            "certificate_hash": "bdd0a52c59256e35ca4ae01a409ffa83a8e0c0b9"
          }
        },
        {
          "client_id": "899940458488-tlg4ecd284ms02oncp6b78jsupqiml41.apps.googleusercontent.com",
          "client_type": 1,
          "android_info": {
            "package_name": "com.revoapps.multivendor",
            "certificate_hash": "4145c433fc3ded6bd8ddcf5a1cf1dadda273458c"
          }
        },
        {
          "client_id": "899940458488-r6nar7fv3t4ai7l6918mjeoab64hfhkc.apps.googleusercontent.com",
          "client_type": 3
        }
      ],
      "api_key": [
        {
          "current_key": "AIzaSyAJPdXTCtK7CIfxwdW-knY2t42gQ0ndepE"
        }
      ],
      "services": {
        "appinvite_service": {
          "other_platform_oauth_client": [
            {
              "client_id": "899940458488-r6nar7fv3t4ai7l6918mjeoab64hfhkc.apps.googleusercontent.com",
              "client_type": 3
            },
            {
              "client_id": "899940458488-doa5odi5dfn7gm8r5295d0eph62ga1hj.apps.googleusercontent.com",
              "client_type": 2,
              "ios_info": {
                "bundle_id": "com.revoapps.multivendor"
              }
            }
          ]
        }
      }
    }
  ],
  "configuration_version": "1"
}